{
  "info": {
    "name": "Maharashtra Governance AI - Complete Testing Suite",
    "description": "All 9 APIs with 25+ test scenarios covering all domains",
    "schema": "https://schema.getpostman.com/json/collection/v2.1.0/collection.json"
  },
  "item": [
    {
      "name": "1. Health & Status",
      "item": [
        {"name": "1.1 Root Endpoint", "request": {"method": "GET", "url": "http://localhost:8000/"}},
        {"name": "1.2 Detailed Health Check", "request": {"method": "GET", "url": "http://localhost:8000/health"}}
      ]
    },
    {
      "name": "2. Demand Forecasting - 5 Scenarios",
      "item": [
        {
          "name": "2.1 High Demand Mumbai Monsoon",
          "request": {
            "method": "POST",
            "header": [{"key": "Content-Type", "value": "application/json"}],
            "body": {"mode": "raw", "raw": "{\"district\":\"Mumbai\",\"service_type\":\"Ambulance_Emergency\",\"month\":7,\"day_of_week\":1,\"is_weekend\":0,\"is_monsoon\":1,\"population_factor\":2.5,\"urban_ratio\":1.0,\"demand_lag_7days\":45.0,\"demand_lag_30days\":42.0,\"resource_utilization_rate\":0.75,\"complaint_rate\":0.15,\"response_time_minutes\":16.5}"},
            "url": "http://localhost:8000/api/v1/predict/demand"
          }
        },
        {
          "name": "2.2 Low Demand Rural",
          "request": {
            "method": "POST",
            "header": [{"key": "Content-Type", "value": "application/json"}],
            "body": {"mode": "raw", "raw": "{\"district\":\"Kolhapur\",\"service_type\":\"Disease_Dengue\",\"month\":2,\"day_of_week\":5,\"is_weekend\":1,\"is_monsoon\":0,\"population_factor\":1.1,\"urban_ratio\":0.38,\"demand_lag_7days\":5.0,\"demand_lag_30days\":6.0,\"resource_utilization_rate\":0.9,\"complaint_rate\":0.05,\"response_time_minutes\":12.0}"},
            "url": "http://localhost:8000/api/v1/predict/demand"
          }
        },
        {
          "name": "2.3 Hospital High Utilization",
          "request": {
            "method": "POST",
            "header": [{"key": "Content-Type", "value": "application/json"}],
            "body": {"mode": "raw", "raw": "{\"district\":\"Thane\",\"service_type\":\"Hospital_Bed_General\",\"month\":8,\"day_of_week\":3,\"is_weekend\":0,\"is_monsoon\":1,\"population_factor\":2.2,\"urban_ratio\":0.75,\"demand_lag_7days\":120.0,\"demand_lag_30days\":100.0,\"resource_utilization_rate\":0.5,\"complaint_rate\":0.3,\"response_time_minutes\":45.0}"},
            "url": "http://localhost:8000/api/v1/predict/demand"
          }
        },
        {
          "name": "2.4 Pediatric OPD Peak",
          "request": {
            "method": "POST",
            "header": [{"key": "Content-Type", "value": "application/json"}],
            "body": {"mode": "raw", "raw": "{\"district\":\"Pune\",\"service_type\":\"OPD_Pediatric\",\"month\":1,\"day_of_week\":2,\"is_weekend\":0,\"is_monsoon\":0,\"population_factor\":2.0,\"urban_ratio\":0.65,\"demand_lag_7days\":85.0,\"demand_lag_30days\":70.0,\"resource_utilization_rate\":0.65,\"complaint_rate\":0.2,\"response_time_minutes\":30.0}"},
            "url": "http://localhost:8000/api/v1/predict/demand"
          }
        },
        {
          "name": "2.5 Increasing Trend",
          "request": {
            "method": "POST",
            "header": [{"key": "Content-Type", "value": "application/json"}],
            "body": {"mode": "raw", "raw": "{\"district\":\"Nagpur\",\"service_type\":\"Hospital_Bed_ICU\",\"month\":4,\"day_of_week\":0,\"is_weekend\":0,\"is_monsoon\":0,\"population_factor\":1.5,\"urban_ratio\":0.6,\"demand_lag_7days\":55.0,\"demand_lag_30days\":35.0,\"resource_utilization_rate\":0.6,\"complaint_rate\":0.25,\"response_time_minutes\":35.0}"},
            "url": "http://localhost:8000/api/v1/predict/demand"
          }
        }
      ]
    },
    {
      "name": "3. Crisis Prediction - 5 Scenarios",
      "item": [
        {
          "name": "3.1 CRITICAL High Risk",
          "request": {
            "method": "POST",
            "header": [{"key": "Content-Type", "value": "application/json"}],
            "body": {"mode": "raw", "raw": "{\"district\":\"Mumbai\",\"month\":4,\"is_monsoon\":0,\"population_factor\":2.5,\"demand_requests\":150,\"pending_requests\":90,\"citizen_complaints\":18,\"response_time_hours\":72.0,\"demand_lag_7days\":140.0,\"demand_lag_30days\":100.0,\"resolution_rate\":0.3}"},
            "url": "http://localhost:8000/api/v1/predict/crisis"
          }
        },
        {
          "name": "3.2 HIGH Moderate Risk",
          "request": {
            "method": "POST",
            "header": [{"key": "Content-Type", "value": "application/json"}],
            "body": {"mode": "raw", "raw": "{\"district\":\"Nagpur\",\"month\":5,\"is_monsoon\":0,\"population_factor\":1.5,\"demand_requests\":80,\"pending_requests\":35,\"citizen_complaints\":12,\"response_time_hours\":48.0,\"demand_lag_7days\":75.0,\"demand_lag_30days\":60.0,\"resolution_rate\":0.45}"},
            "url": "http://localhost:8000/api/v1/predict/crisis"
          }
        },
        {
          "name": "3.3 MEDIUM Manageable",
          "request": {
            "method": "POST",
            "header": [{"key": "Content-Type", "value": "application/json"}],
            "body": {"mode": "raw", "raw": "{\"district\":\"Pune\",\"month\":7,\"is_monsoon\":1,\"population_factor\":2.0,\"demand_requests\":55,\"pending_requests\":15,\"citizen_complaints\":6,\"response_time_hours\":24.0,\"demand_lag_7days\":58.0,\"demand_lag_30days\":55.0,\"resolution_rate\":0.65}"},
            "url": "http://localhost:8000/api/v1/predict/crisis"
          }
        },
        {
          "name": "3.4 LOW No Crisis",
          "request": {
            "method": "POST",
            "header": [{"key": "Content-Type", "value": "application/json"}],
            "body": {"mode": "raw", "raw": "{\"district\":\"Kolhapur\",\"month\":9,\"is_monsoon\":1,\"population_factor\":1.1,\"demand_requests\":30,\"pending_requests\":5,\"citizen_complaints\":2,\"response_time_hours\":12.0,\"demand_lag_7days\":32.0,\"demand_lag_30days\":35.0,\"resolution_rate\":0.85}"},
            "url": "http://localhost:8000/api/v1/predict/crisis"
          }
        },
        {
          "name": "3.5 Perfect Efficiency",
          "request": {
            "method": "POST",
            "header": [{"key": "Content-Type", "value": "application/json"}],
            "body": {"mode": "raw", "raw": "{\"district\":\"Thane\",\"month\":10,\"is_monsoon\":0,\"population_factor\":2.2,\"demand_requests\":40,\"pending_requests\":3,\"citizen_complaints\":1,\"response_time_hours\":6.0,\"demand_lag_7days\":42.0,\"demand_lag_30days\":40.0,\"resolution_rate\":0.92}"},
            "url": "http://localhost:8000/api/v1/predict/crisis"
          }
        }
      ]
    },
    {
      "name": "4. Priority Scoring - 6 Scenarios",
      "item": [
        {
          "name": "4.1 Health Critical",
          "request": {
            "method": "POST",
            "header": [{"key": "Content-Type", "value": "application/json"}],
            "body": {"mode": "raw", "raw": "{\"domain\":\"Health\",\"district\":\"Mumbai\",\"issue_type\":\"Hospital_Bed_ICU\",\"requests\":120,\"complaints\":15,\"response_time\":48.0,\"is_monsoon\":0,\"population_factor\":2.5,\"resolution_rate\":0.5,\"severity_level\":\"Critical\"}"},
            "url": "http://localhost:8000/api/v1/predict/priority"
          }
        },
        {
          "name": "4.2 Infrastructure Crisis",
          "request": {
            "method": "POST",
            "header": [{"key": "Content-Type", "value": "application/json"}],
            "body": {"mode": "raw", "raw": "{\"domain\":\"Infrastructure\",\"district\":\"Nashik\",\"issue_type\":\"Water_Supply_Shortage\",\"requests\":120,\"complaints\":15,\"response_time\":36.0,\"is_monsoon\":0,\"population_factor\":1.3,\"resolution_rate\":0.4,\"severity_level\":\"Critical\"}"},
            "url": "http://localhost:8000/api/v1/predict/priority"
          }
        },
        {
          "name": "4.3 Safety Emergency",
          "request": {
            "method": "POST",
            "header": [{"key": "Content-Type", "value": "application/json"}],
            "body": {"mode": "raw", "raw": "{\"domain\":\"PublicSafety\",\"district\":\"Pune\",\"issue_type\":\"Fire_Emergency\",\"requests\":8,\"complaints\":3,\"response_time\":8.5,\"is_monsoon\":0,\"population_factor\":2.0,\"resolution_rate\":0.95,\"severity_level\":\"Critical\"}"},
            "url": "http://localhost:8000/api/v1/predict/priority"
          }
        },
        {
          "name": "4.4 Health High",
          "request": {
            "method": "POST",
            "header": [{"key": "Content-Type", "value": "application/json"}],
            "body": {"mode": "raw", "raw": "{\"domain\":\"Health\",\"district\":\"Pune\",\"issue_type\":\"Hospital_Bed_General\",\"requests\":75,\"complaints\":8,\"response_time\":25.5,\"is_monsoon\":0,\"population_factor\":2.0,\"resolution_rate\":0.65,\"severity_level\":\"High\"}"},
            "url": "http://localhost:8000/api/v1/predict/priority"
          }
        },
        {
          "name": "4.5 Infrastructure Medium",
          "request": {
            "method": "POST",
            "header": [{"key": "Content-Type", "value": "application/json"}],
            "body": {"mode": "raw", "raw": "{\"domain\":\"Infrastructure\",\"district\":\"Nagpur\",\"issue_type\":\"Road_Pothole_Repair\",\"requests\":45,\"complaints\":5,\"response_time\":72.0,\"is_monsoon\":0,\"population_factor\":1.5,\"resolution_rate\":0.5,\"severity_level\":\"Medium\"}"},
            "url": "http://localhost:8000/api/v1/predict/priority"
          }
        },
        {
          "name": "4.6 Health Low",
          "request": {
            "method": "POST",
            "header": [{"key": "Content-Type", "value": "application/json"}],
            "body": {"mode": "raw", "raw": "{\"domain\":\"Health\",\"district\":\"Kolhapur\",\"issue_type\":\"OPD_General\",\"requests\":20,\"complaints\":1,\"response_time\":15.0,\"is_monsoon\":0,\"population_factor\":1.1,\"resolution_rate\":0.85,\"severity_level\":\"Low\"}"},
            "url": "http://localhost:8000/api/v1/predict/priority"
          }
        }
      ]
    },
    {
      "name": "5. Dashboard Endpoints",
      "item": [
        {"name": "5.1 Get Critical Alerts", "request": {"method": "GET", "url": "http://localhost:8000/api/v1/dashboard/alerts"}},
        {"name": "5.2 System Statistics", "request": {"method": "GET", "url": "http://localhost:8000/api/v1/dashboard/statistics"}},
        {"name": "5.3 Privacy Report", "request": {"method": "GET", "url": "http://localhost:8000/api/v1/dashboard/privacy-report"}}
      ]
    },
    {
      "name": "6. Excel Upload - Multi-Domain",
      "item": [
        {"name": "6.1 Health Domain Excel", "request": {"method": "POST", "url": "http://localhost:8000/api/v1/dashboard/upload/excel?domain=health"}},
        {"name": "6.2 Infrastructure Domain Excel", "request": {"method": "POST", "url": "http://localhost:8000/api/v1/dashboard/upload/excel?domain=infrastructure"}},
        {"name": "6.3 Public Safety Domain Excel", "request": {"method": "POST", "url": "http://localhost:8000/api/v1/dashboard/upload/excel?domain=public_safety"}}
      ]
    }
  ]
}